bench_name,num_qubits,depth,num_nonlocal_gates,num_measurements,fidelity,fidelity_std
qaoa_r3,24,7,24,24,0.08145015964271154,9.400446584186146e-07
bv,11,14,10,10,0.250023245,0
hamsim_1,12,38,22,13,0.16872460658154462,0
ghz,8,12,7,10,0.47355922153528945,0
qaoa_pl1,5,13,8,5,0.1736933470789158,0
qsvm,12,73,44,14,0.2507875200000001,0
twolocal_1,12,38,22,14,0.20078785737923752,0
vqe_1,12,17,11,13,0.2995094849982541,0
wstate,12,41,22,14,0.4525312538680499,0