bench_name,num_qubits,depth,num_nonlocal_gates,num_measurements,fidelity,fidelity_std
qaoa_r3,0.2857505694590197,0.04985666915681176,0,0,0.30625859258278404,0.011232306144119146
ghz,0.7186659449785567,0.003818953742026669,0,0,0.739879249785964,0.0018936196315384576
hamsim_1,0.656795371001328,0.004140080095024115,0,0,0.6987928991821964,0.002370211035927949
qaoa_pl1,0.48266794285974485,0.09737952485977204,0,0,0.4466099833828861,0.004483453124371733
qsvm,0.15071848120039993,0.001485345575043192,0,0,0.24529489038265767,0.006695384350911524
twolocal_1,0.8894976673199533,0.004471185146048896,0,0,0.8997262618753659,0.0050976760180163234
vqe_1,0.14863281250000007,0.006263813013640267,0,0,0.403271484375,0.0048990209496652315
wstate,0.7774658203125,0.012251141008449394,0,0,0.79373219638892746,0.0009373219638892746
