bench_name,num_qubits,depth,num_nonlocal_gates,num_measurements,fidelity,fidelity_std
qaoa_r3,8,21,12,4,0.8955765328005961,0.8749956149840136
bv,8,6,2,3,0.9425048828125,0.9279378255208334
ghz,8,5,3,4,0.927385324492558,0.929514560489468
hamsim_1,8,7,3,4,0.9980677830116353,0.9974945939535886
qaoa_pl1,8,12,6,4,0.9823499231382046,0.9846819354002792
qsvm,8,11,6,4,0.9545789714984995,0.9407011790434424
twolocal_1,8,7,4,4,0.98603783781604,0.982127175187034
vqe_1,8,6,3,4,0.8887939453125,0.9254557291666666
wstate,8,9,6,4,0.9235026041666666,0.9154866536458334
