bench_name,num_qubits,depth,num_nonlocal_gates,num_measurements,fidelity,fidelity_std
qaoa_r3,16,24,24,8,0.6049730235787437,0.7019243795627795
bv,16,8,4,7,0.5821126302083334,0.7688395182291666
ghz,16,9,7,8,0.5650287824079095,0.6103999963804324
hamsim_1,16,11,7,8,0.8272131162243147,0.890243100135171
qaoa_pl1,16,18,14,8,0.6857968280061731,0.7529657552133245
qsvm,16,19,14,8,0.4430573599033745,0.4638585493567576
twolocal_1,16,11,8,8,0.7785631850498035,0.7754793917337964
vqe_1,16,10,7,8,0.14746093750000006,0.5305175781250001
wstate,16,17,14,8,0.2491048177083334,0.8327229817708334
