bench_name,num_qubits,depth,num_nonlocal_gates,num_measurements,fidelity,fidelity_std
qaoa_r3,4,21,12,4,0.9933274203737539,0.9942097065766343
bv,4,6,2,3,0.9693603515625,0.9681803385416666
ghz,4,5,3,4,0.9526258443874932,0.9550872158072715
hamsim_1,4,7,3,4,0.9982083446269737,0.9981961083596792
qaoa_pl1,4,12,6,4,0.9956891577861872,0.9954548339596396
qsvm,4,11,6,4,0.995105359561224,0.9946929977139868
twolocal_1,4,7,4,4,0.9979365824769827,0.998133270326762
vqe_1,4,6,3,4,0.9533691406249999,0.9559733072916666
wstate,4,9,6,4,0.9403483072916666,0.9390055338541666
