{"transpilation_time": 90.64334087099996, "estimation_time": 44.12624659100038, "optimization_time": 22.615930464000485, "mcdm_time": 7.845000072848052e-05, "schedule_generation_time": 0.00016176700046344195, "mean_error": [0.3141260153012729, 0.2115183417539552, 0.21326512812537093, 0.21288993964037542, 0.22527793213624764, 0.27356406656954274, 0.21437782013297255, 0.2707989723582623, 0.3072282839913565, 0.2270596414031673, 0.2988653935403288, 0.22459487895196364, 0.30228871931559237, 0.26064263414060734, 0.3038907832921625, 0.24149853289386006, 0.30997132203540967, 0.26880710732495955, 0.24291516000725072, 0.27677150077467494, 0.26217765780890556, 0.22275593502683375, 0.219662356201742, 0.29703751505437187, 0.21510423485553848, 0.24028604634720485, 0.25148041094414475, 0.24420872512664307, 0.2918305969402859, 0.31219947847744, 0.22928306659084152, 0.28534205639853605, 0.2174182212513805, 0.22202113713455485, 0.2651255107075953, 0.23096488384826142, 0.25894376525221874, 0.25248242687501865, 0.21913931399765935, 0.23193244245937106, 0.21692905084178046, 0.21477122725009626, 0.28741183124995906, 0.247788747374332, 0.28116743915547365, 0.21196178438554672, 0.2902328435998672, 0.2179817454101365, 0.25579846902558073, 0.2537467328389884, 0.25466454906193453, 0.2831871594710877, 0.22372400577468154, 0.2836552951940546, 0.2886952439110704, 0.23832345909590344, 0.2184973284029577, 0.2353934841408531, 0.24648720556920167, 0.21263898276030083, 0.295217583909216, 0.2578147598224002, 0.21220848285252944, 0.22994184387717886, 0.24513042463323212, 0.22030797085903356, 0.2645379441656732, 0.21653419576140304, 0.23675985018368256, 0.24907106175614394, 0.25694298204528254, 0.22874210114860472, 0.2630680635802847, 0.29365461187985054, 0.22317746056502002, 0.23623450618492128, 0.21838194736267053, 0.23777398877952272, 0.22100493860847462, 0.21674459492631115, 0.2669910679360866, 0.21583903274781732, 0.2346566497540216, 0.23911400380987177, 0.27973003477904834, 0.2671737006795769, 0.2306594099844813, 0.27880755608942825, 0.2505524094947738, 0.23385360110573652, 0.21571369926328735, 0.250770445546314, 0.2325616644762281, 0.23934419596719925, 0.24577374744288807, 0.22809111895322734, 0.24898676434893352, 0.22037198975175568, 0.2329372004604193, 0.22077382107644716], "mean_waiting_time": [537.8705629713314, 1629.2593792450577, 1477.0473216545963, 1550.5329865719145, 1102.415397526327, 621.3837863174049, 1431.5277716322828, 632.3785844080779, 541.8629601793314, 1072.1141890941537, 550.8664091889764, 1126.6211855944032, 545.3326545337362, 696.1187474032365, 543.4348309512555, 855.3669094255187, 539.2295592027847, 641.9904743810897, 842.1753369196214, 615.3556122444065, 679.7289565776548, 1170.0635206094066, 1239.495646359271, 553.4423423113273, 1397.5951678988804, 870.1600685848701, 758.9614015745087, 831.2029859497442, 568.0725724592027, 538.9150582622243, 1030.8989398013312, 581.1024237968388, 1317.5831006127285, 1185.46991625977, 658.3894859433144, 993.2557759614937, 702.2769878832052, 746.8931528328844, 1258.914407392236, 979.3287269561844, 1331.2371792821723, 1418.0754064294485, 580.5433306767496, 796.811929524445, 597.5805628267913, 1618.1548770013635, 573.0309782673842, 1297.3422461608616, 722.9439401605866, 739.4534671256218, 731.690133114625, 595.8871985606796, 1147.1910662237856, 585.8622619571391, 575.3307866150815, 898.4199660192744, 1270.5488206783273, 932.2241759776263, 808.3945466570067, 1569.0636971613942, 560.2714006245243, 709.7932371284676, 1595.901099533775, 1011.0937822057599, 819.8540202679011, 1222.9777528964617, 670.5296403978325, 1358.7197550919293, 913.6125325351637, 785.7615184705667, 717.1768061234236, 1043.8527104229206, 671.7624549050695, 563.6470546322746, 1149.3787391226274, 925.8055828344146, 1288.1068652681288, 907.1297505155806, 1196.5304581328521, 1352.7009660167457, 651.6649434622453, 1378.120802944261, 946.1249145463973, 883.9495873676443, 599.9778436469513, 649.325559630626, 1009.7714851717744, 601.7532504097925, 775.6522865093685, 957.6196940536771, 1380.5131124154498, 775.4368450057241, 967.8326516226792, 879.6524961373236, 812.23988537632, 1052.6532243566216, 793.8553751102222, 1211.5845991872964, 963.4625908947116, 1203.9406016628184], "solution_index": 0, "solution": [5, 15, 9, 4, 7, 3, 8, 11, 13, 14, 8, 7, 14, 6, 9, 12, 6, 14, 1, 9, 15, 3, 2, 11, 2, 6, 9, 5, 13, 14, 10, 9, 7, 3, 4, 11, 2, 13, 5, 12, 15, 3, 1, 5, 3, 11, 10, 12, 14, 4, 0, 0, 8, 14, 11, 1, 10, 4, 7, 9, 10, 0, 11, 9, 4, 1, 5, 12, 5, 6, 10, 12, 4, 2, 8, 5, 13, 2, 0, 9, 13, 15, 3, 12, 6, 0, 12, 12, 7, 8, 1, 12, 10, 1, 7, 1, 8, 15, 0, 11], "waiting_time_90_percentile": [625.6402739115549, 556.0551627908138, 568.2256305683105, 556.0551627908138, 591.4673030982746, 601.2557173570002, 570.4671688359927, 601.2557173570002, 625.6402739115549, 593.6413174026694, 605.3478240208808, 590.6410132451297, 605.369628786762, 601.6813484490948, 625.9317124346221, 593.9588804360598, 625.6402739115549, 601.5843730526421, 599.5521984213556, 603.5086815669471, 601.8380053467337, 591.4673030982746, 591.4673030982746, 623.177534144108, 590.6410132451297, 593.4341328759953, 602.0023649784403, 599.5521984213556, 623.4689726671752, 625.6402739115549, 593.6413174026694, 602.6717889966274, 590.7140911734114, 591.4673030982746, 603.043855085585, 593.3637401497853, 602.0023649784403, 602.0023649784403, 591.4673030982746, 593.3637401497853, 591.5403810265562, 570.4671688359927, 602.6717889966274, 594.8590370400948, 623.4971938147303, 556.0551627908138, 602.6717889966274, 591.5403810265562, 602.0023649784403, 602.0023649784403, 602.0023649784403, 626.2248751947157, 590.6410132451297, 602.3606448818683, 625.9317124346221, 593.782808967235, 591.4673030982746, 593.3637401497853, 598.68160847664, 556.0551627908138, 605.0942109577105, 602.0023649784403, 556.0551627908138, 593.3637401497853, 598.68160847664, 590.2684810869116, 603.043855085585, 591.3129901949824, 593.3637401497853, 602.0773800317755, 602.0023649784403, 591.6209810855396, 602.7228385562396, 623.4689726671752, 590.6410132451297, 593.3637401497853, 591.4673030982746, 593.8067759995768, 590.6410132451297, 591.3129901949824, 601.5843730526421, 590.6410132451297, 593.3637401497853, 593.8067759995768, 603.5086815669471, 601.5843730526421, 593.6413174026694, 623.7853594564674, 601.73166434871, 593.3397731174435, 591.3129901949824, 601.73166434871, 593.3637401497853, 593.8067759995768, 598.68160847664, 593.6413174026694, 598.68160847664, 590.6410132451297, 593.2426194961139, 590.6410132451297],