{"transpilation_time": 90.51566345800165, "estimation_time": 43.46172604499952, "optimization_time": 21.912585701000353, "mcdm_time": 8.045299910008907e-05, "schedule_generation_time": 0.0001632389994483674, "mean_error": [0.20746323593721155, 0.32181925546370477, 0.24275097602514703, 0.20827869321048847, 0.2941787507888245, 0.21272126618058085, 0.2710443716833092, 0.22311469351624605, 0.24059329836326795, 0.3086390120739892, 0.28723871987313887, 0.22481255739160713, 0.2079435359953309, 0.25877086285772233, 0.27355883993291746, 0.20777249080861537, 0.25242211686369304, 0.20849518435588588, 0.24476624915424938, 0.20933360008932603, 0.3198474685122056, 0.30250468456222673, 0.25020632290856537, 0.216326982236359, 0.3062779221433083, 0.2098971704421648, 0.2962837011945446, 0.21345606407285975, 0.21942825193492524, 0.26914367291441527, 0.21444348717314718, 0.2570921818187153, 0.23147112316500645, 0.21796689189223326, 0.26062099675714084, 0.22962698605529097, 0.21142391100729274, 0.21849013303022033, 0.28184740776279665, 0.21510050602644099, 0.2109920848681226, 0.2139328190051411, 0.31212981908298804, 0.21614569537609937, 0.23536275744328491, 0.3040432202861423, 0.2393128080532101, 0.26701368160455646, 0.23098022692663014, 0.29959384369250164, 0.2550147599583215, 0.28067684311494767, 0.28420085068670464, 0.31315530399007835, 0.24655936039368156, 0.2121901303529323, 0.2907037761174992, 0.21607457904051486, 0.24573265787266474, 0.2677979699064277, 0.2329425176523214, 0.2267405126853936, 0.22795692471481868, 0.31655121718351903, 0.29054794326030203, 0.2089732533162897, 0.23428801422753737, 0.2786706269009284, 0.21696181949834345, 0.2625036100747116, 0.23662895903053824, 0.28545517196183795, 0.21734182322633827, 0.2109759041752591, 0.3161783953344277, 0.2567354653809522, 0.22243506311531852, 0.2986153908831444, 0.27529216116380306, 0.20916255490261051, 0.2533197609615842, 0.26223623232575727, 0.21027732549770736, 0.2645456579734754, 0.2369491215697887, 0.21200997683835626, 0.22767737842016816, 0.22541579846080542, 0.2649226187458835, 0.20908327582377315, 0.2218255987075696, 0.22888635580248654, 0.21048526191005204, 0.27747532087594395, 0.24962258397144588, 0.21980780531695726, 0.2760495277987919, 0.24814450112765257, 0.2386125838848963, 0.22852265200123673], "mean_waiting_time": [1910.6963056370653, 537.5002143052634, 850.5066615570313, 1809.6774209756422, 565.4584345860189, 1497.2635005067887, 633.0588542240806, 1151.9114731530149, 871.1440061630129, 542.5878476028646, 576.4812987843045, 1120.2634522389176, 1847.9056432904445, 710.143203219455, 621.5404640659509, 1874.9235780189174, 758.0243398914323, 1777.174426988691, 830.8660815660085, 1698.1029939612908, 538.4239244479793, 554.8212646841816, 783.3101093618312, 1343.9489103542423, 546.0788419178715, 1661.6602688562791, 560.8648223361, 1475.0756945044807, 1247.7516977394919, 643.2778273900431, 1431.8024016758263, 728.5320766976346, 990.7318150678532, 1286.8297990896274, 700.0577515439555, 1020.5191916930654, 1570.2332558493138, 1265.8915391005198, 590.984301598564, 1408.0065590347344, 1590.1339745848643, 1452.4310927053693, 542.3950575656089, 1371.6211561707732, 933.2732780067186, 547.3394908027525, 883.4435648873394, 666.1720733243922, 1006.6487437880729, 557.375361353801, 747.4128544308461, 599.0777375004858, 584.9964989610457, 541.8286624898834, 803.7976216431758, 1536.115981683835, 570.9320883045999, 1395.602075241711, 821.7301464782927, 653.1915188701128, 972.0356378003848, 1082.815268508863, 1058.136253013388, 538.652126931561, 570.9365168102282, 1753.4252229889491, 949.4183872876695, 603.6657442831676, 1319.6497264656398, 681.7674383761853, 922.8531647929263, 583.5261403169169, 1310.1634378151439, 1620.5779320843951, 541.5375060515001, 744.14426334651, 1166.1756928881177, 559.107146395225, 613.7479989711522, 1717.3882156442262, 754.029764885702, 693.8776087104801, 1649.541686224503, 675.6419704350286, 906.8607327404127, 1544.8700643368645, 1081.81496261897, 1102.3149204125775, 670.6409829232446, 1737.156092095097, 1179.7646057844354, 1039.1160702845325, 1628.0390942898002, 607.571044951538, 787.2761358625378, 1222.5829702748197, 608.6797938000602, 794.1723217092789, 900.6767971144726, 1044.6860002411245], "solution_index": 99, "solution": [9, 1, 9, 9, 11, 11, 12, 1, 7, 1, 1, 1, 9, 5, 1, 9, 12, 9, 11, 11, 12, 9, 12, 12, 7, 11, 9, 9, 9, 11, 9, 9, 12, 9, 9, 9, 9, 11, 9, 11, 11, 5, 9, 11, 12, 5, 12, 9, 5, 11, 12, 12, 9, 9, 9, 12, 9, 1, 1, 5, 12, 5, 1, 9, 5, 1, 12, 12, 11, 11, 9, 1, 7, 11, 1, 9, 11, 1, 1, 1, 9, 9, 9, 5, 9, 12, 5, 1, 9, 9, 9, 12, 1, 11, 9, 12, 12, 1, 11, 11], "waiting_time_90_percentile": [2969.984532090337, 1597.112200626792, 2969.38956431978, 2969.6896482775596, 1595.4875754244238, 2970.254094693338, 2969.349160514686, 2969.2395800159834, 2968.9576449917063, 1595.7482994016534, 1596.2749544302262, 2970.717261189632, 2969.749371105818, 2971.224759555688, 1734.270801157064, 2969.749371105818, 2970.3960813735152, 2969.6896482775596, 2970.536103953285, 2970.596766480855, 1597.112200626792, 1595.9206571929763, 2970.3960813735152, 2969.297782213826, 1595.6014384204395, 2969.782661575794, 1594.487067386044, 2970.254094693338, 2970.082434143238, 2969.349160514686, 2969.609158290476, 2970.254078480203, 2970.6133600253715, 2970.082434143238, 2969.6897619249035, 2970.6133600253715, 2969.5292169770723, 2969.8695316449184, 1596.6478996956034, 2968.8557860341793, 2969.526651658178, 2969.609158290476, 1597.4979594977165, 2969.6125651202206, 2969.973713503326, 1595.7482994016534, 2968.9197675748696, 2971.225545914575, 2967.938538641918, 1594.2133013155078, 2970.3960813735152, 1596.6478996956034, 1596.6478996956034, 1595.7482994016534, 2970.0191062520976, 2970.127776175341, 1594.2690056223075, 2969.3736079674627, 2969.8246463358764, 2972.5116732013485, 2969.973713503326, 2970.281579817774, 2970.8727086864, 1597.595323492819, 1594.2690056223075, 2969.6377047873734, 2969.973713503326, 1597.2553436270127, 2969.6264379094678, 2971.0618340748647, 2969.7616318873193, 1596.7475865681167, 2969.297782213826, 2969.782661575794, 1597.595323492819, 2969.207246405694, 2970.0632538748023, 1594.487067386044, 1734.3580138712193, 2970.7799839751874, 2970.4203252580855, 2971.154249116619, 2969.782661575794, 2970.870659092365, 2971.3297562820644, 2970.127776175341, 2970.749152416728, 2970.5100766629575, 2970.919042001188, 2969.616570349278, 2969.3912769249496, 2970.6133600253715, 2969.7095836475123, 1597.2553436270127, 2970.3960813735152, 2969.3912769249496, 1597.0909691994873, 2970.3960813735152, 2970.1028541403352, 2970.8727086864],