{"transpilation_time": 86.64241479200064, "estimation_time": 54.30578632799916, "optimization_time": 21.909092150001015, "mcdm_time": 7.283299964910839e-05, "schedule_generation_time": 0.00016053899889811873, "mean_error": [0.188, 0.2077, 0.2049, 0.1888, 0.2071, 0.2003, 0.2022, 0.1777, 0.2113, 0.1818, 0.2072, 0.172, 0.1632, 0.162, 0.1655, 0.1601, 0.2001, 0.2136, 0.2101, 0.2197, 0.1846, 0.2017, 0.217, 0.1709, 0.1795, 0.1966, 0.1836, 0.1743, 0.1724, 0.1958, 0.1716, 0.1728, 0.1969, 0.1733, 0.2184, 0.17, 0.173, 0.1736, 0.1601, 0.2058, 0.2056, 0.2151, 0.2014, 0.1963, 0.2084, 0.1779, 0.1644, 0.1602, 0.2088, 0.1955, 0.1772, 0.1612, 0.1917, 0.1942, 0.1618, 0.2027, 0.1663, 0.1955, 0.1964, 0.1758, 0.213, 0.2011, 0.1897, 0.1786, 0.1963, 0.1664, 0.1871, 0.1713, 0.2137, 0.1823, 0.1627, 0.1798, 0.1708, 0.1657, 0.1715, 0.2081, 0.1639, 0.2084, 0.2166, 0.1702, 0.2118, 0.1949, 0.1931, 0.1646, 0.1736, 0.1933, 0.1756, 0.1681, 0.2006, 0.1893, 0.1842, 0.2153, 0.1977, 0.1988, 0.1646, 0.1645, 0.1794, 0.1891, 0.2004, 0.2124], "mean_waiting_time": [476,
953,
496,
714,
1028,
624,
413,
613,
1052,
1011,
1002,
633,
728,
1126,
911,
334,
386,
637,
809,
395,
258,
914,
420,
323,
311,
847,
388,
1068,
922,
305,
449,
719,
745,
1119,
547,
955,
940,
670,
649,
624,
1091,
457,
410,
257,
1003,
810,
864,
544,
275,
910,
243,
328,
725,
544,
599,
360,
1119,
1061,
1031,
351,
650,
302,
350,
798,
465,
331,
993,
978,
433,
647,
1051,
981,
267,
1075,
890,
604,
767,
830,
999,
1154,
1174,
390,
276,
842,
514,
1145,
850,
587,
985,
410,
820,
260,
1166,
884,
546,
887,
929,
552,
1173,
993], "solution_index": 37, "solution": [7, 11, 11, 11, 7, 6, 11, 12, 8, 5, 12, 9, 12, 6, 12, 9, 4, 14, 9, 9, 7, 4, 11, 9, 1, 1, 1, 5, 12, 14, 9, 9, 7, 1, 8, 1, 13, 5, 13, 9, 11, 14, 8, 11, 4, 5, 9, 1, 4, 11, 5, 13, 13, 12, 12, 9, 7, 14, 7, 11, 12, 2, 5, 5, 11, 8, 1, 9, 7, 11, 1, 9, 12, 14, 5, 1, 4, 6, 11, 9, 4, 1, 9, 1, 7, 1, 5, 1, 10, 12, 9, 1, 8, 8, 12, 11, 5, 8, 12, 5], "waiting_time_90_percentile": [1147.767130998938, 1040.9416203014068, 1147.438475303296, 1148.3893762861533, 1055.0347156175976, 1147.4981981315548, 1150.7100821347517, 1148.4988307770493, 1147.767130998938, 1040.9416203014068, 1150.7100821347517, 1147.438475303296, 1150.1418028094422, 1149.9604891061565, 1040.550228480206, 1148.4988307770493, 1148.9105586285293, 1148.2605522650533, 1147.438475303296, 1150.2101385121966, 1148.192680399351, 1052.5448372278347, 1052.5448372278347, 1149.653776325836, 1052.309340177024, 1150.300533362343, 1150.2765663300013, 1150.2765663300013, 1051.5258686598997, 1150.1418028094422, 1150.2101385121966, 1040.550228480206, 1148.3090652480114, 1040.9416203014068, 1054.9937568298053, 1147.6887635281967, 1147.6887635281967, 1147.6887635281967, 1148.780448384081, 1147.438475303296, 1040.550228480206, 1040.550228480206, 1147.6887635281967, 1147.438475303296, 1040.550228480206, 1052.4843827457203, 1150.300533362343, 1147.6436363328642, 1051.5258686598997, 1151.4005758651474, 1147.4981981315548, 1145.3176528924832, 1052.670848819727, 1147.4543216689785, 1150.9063007007596, 1147.438475303296, 1054.9937568298053, 1051.5259241878803, 1147.767130998938, 1148.3090652480114, 1147.438475303296, 1148.3893762861533, 1055.0062759787752, 1150.300533362343, 1148.2305578161875, 1052.8860169981206, 1147.438475303296, 1148.3090652480114, 1054.8967184280546, 1147.438475303296, 1150.300533362343, 1148.3893762861533, 1151.2101003452738, 1147.438475303296, 1147.7132504696283, 1148.2605522650533, 1148.2605522650533, 1150.9063007007596, 1045.3501577755462, 1040.550228480206, 1055.0592700107609, 1150.2765663300013, 1040.550228480206, 1148.4988307770493, 1147.6887635281967, 1150.9063007007596, 1040.550228480206, 1147.6436363328642, 1040.550228480206, 1051.152418804848, 1040.550228480206, 1051.5577905371536, 1147.438475303296, 1147.438475303296, 1147.6436363328642, 1149.0986035472163, 1147.6436363328642, 1147.438475303296, 1147.6887635281967, 1147.438475303296], "waiting_time_95_percentile": [1147.767130998938, 1151.0273967942533, 1147.438475303296, 1148.3893762861533, 1148.3893762861533, 1147.4981981315548, 1150.7100821347517, 1148.4988307770493, 1147.767130998938, 1151.0273967942533, 1150.7100821347517, 1147.438475303296, 1150.1418028094422, 1149.9604891061565, 1150.6258490496718, 1148.4988307770493, 1148.9105586285293, 1148.2605522650533, 1147.438475303296, 1150.2101385121966, 1148.192680399351, 1148.780448384081, 1148.780448384081, 1149.653776325836, 1150.9738733613221, 1150.300533362343, 1150.2765663300013, 1150.2765663300013, 1150.3066302771351, 1150.1418028094422, 1150.2101385121966, 1150.8346636310157, 1148.3090652480114, 1150.8468799914053, 1148.3893762861533, 1147.6887635281967, 1147.6887635281967, 1147.6887635281967, 1148.780448384081, 1147.438475303296, 1150.9901111277836, 1150.6258490496718, 1147.6887635281967, 1147.438475303296, 1150.8346636310157, 1149.6510383287964, 1150.300533362343, 1147.6436363328642, 1150.3066302771351, 1151.4005758651474, 1147.4981981315548, 1145.3176528924832, 1149.6510383287964, 1147.4543216689785, 1150.9063007007596, 1147.438475303296, 1148.3893762861533, 1150.3071855569403, 1147.767130998938, 1148.3090652480114, 1147.438475303296, 1148.3893762861533, 1148.3893762861533, 1150.300533362343, 1148.2305578161875, 1149.6510383287964, 1147.438475303296, 1148.3090652480114, 1148.3893762861533, 1147.438475303296, 1150.300533362343, 1148.3893762861533, 1151.2101003452738, 1147.438475303296, 1147.7132504696283, 1148.2605522650533, 1148.2605522650533, 1150.9063007007596, 1148.3235691021184, 1150.6258490496718, 1148.3893762861533, 1150.2765663300013, 1150.6258490496718, 1148.4988307770493, 1147.6887635281967, 1150.9063007007596, 1150.6258490496718, 1147.6436363328642, 1150.6258490496718, 1150.9063007007596, 1150.6258490496718, 1150.6258490496718, 1147.438475303296, 1147.438475303296, 1147.6436363328642, 1149.0986035472163, 1147.6436363328642, 1147.438475303296, 1147.6887635281967, 1147.438475303296], "fidelity_90_percentile": [0.8388804988945371, 0.8138337474541399, 0.8388804988945371, 0.8138337474541399, 0.8138337474541399, 0.8388804988945371, 0.8138337474541399, 0.8388804988945371, 0.8388804988945371, 0.8138337474541399, 0.8138337474541399, 0.8388804988945371, 0.8143359370379191, 0.8138337474541399, 0.8138337474541399, 0.8388804988945371, 0.8375730179610873, 0.8376573937508621, 0.8388804988945371, 0.8138337474541399, 0.8375730179610873, 0.8207273807588468, 0.8207273807588468, 0.8388804988945371, 0.8138337474541399, 0.8375730179610873, 0.818855643291931, 0.818855643291931, 0.8138337474541399, 0.8143359370379191, 0.8138337474541399, 0.8138337474541399, 0.8376573937508621, 0.8138337474541399, 0.8138337474541399, 0.8207273807588468, 0.8207273807588468, 0.818855643291931, 0.8375730179610873, 0.8388804988945371, 0.8138337474541399, 0.8138337474541399, 0.8207273807588468, 0.8388804988945371, 0.8138337474541399, 0.8375730179610873, 0.8207273807588468, 0.8375730179610873, 0.8138337474541399, 0.8138337474541399, 0.8388804988945371, 0.8138337474541399, 0.8162076745048349, 0.8388804988945371, 0.8138337474541399, 0.8388804988945371, 0.8138337474541399, 0.8138337474541399, 0.8388804988945371, 0.8376573937508621, 0.8388804988945371, 0.8143359370379191, 0.8138337474541399, 0.8375730179610873, 0.8375730179610873, 0.8162076745048349, 0.8388804988945371, 0.8375730179610873, 0.8138337474541399, 0.8388804988945371, 0.8375730179610873, 0.8138337474541399, 0.8138337474541399, 0.8388804988945371, 0.818855643291931, 0.838416775858836, 0.8376573937508621, 0.8138337474541399, 0.8138337474541399, 0.8138337474541399, 0.8138337474541399, 0.8207273807588468, 0.8138337474541399, 0.8388804988945371, 0.8375730179610873, 0.8138337474541399, 0.8138337474541399, 0.8375730179610873, 0.8138337474541399, 0.8138337474541399, 0.8138337474541399, 0.8138337474541399, 0.8388804988945371, 0.8388804988945371, 0.8375730179610873, 0.8388804988945371, 0.838416775858836, 0.8388804988945371, 0.8375730179610873, 0.8388804988945371],