bench_name,num_qubits,depth,num_nonlocal_gates,num_measurements,fidelity,fidelity_std
qaoa_r3,24,27,36,12,0.3166708982660972,0.31220444383947833
bv,24,9,5,11,0.1912353515625001,0.3655517578125
ghz,24,13,11,12,0.1875012107076522,0.24047875092066342
hamsim_1,24,15,11,12,0.23845056776480064,0.3033519386087047
qaoa_pl1,24,21,22,12,0.3985876228396023,0.4641336631409394
qsvm,24,27,22,12,0.18711099404509998,0.2151744882691459
twolocal_1,24,15,12,12,0.47999215711621724,0.5348205407873709
vqe_1,24,14,11,12,0.02669270833333337,0.03759635416666672
wstate,24,25,22,12,0.4013997395833334,0.42101236979166674
