{
    "fake_kolkata": 47912.26344399976,
    "fake_hanoi": 47964.87315752568,
    "fake_cairo": 45758.23129814885,
    "fake_guadalupe": 42048.94946750313,
    "fake_mumbai": 44285.390225107505,
    "fake_lagos": 48215.23141161534,
    "fake_auckland": 47456.46973770355,
    "fake_nairobi": 42770.52244351158
}