qpu_name,queue_size
ibm_lagos,50.645161290322584
ibm_nairobi,59.87096774193548
ibm_perth,2497.967741935484
ibm_algiers,69.83870967741936
ibm_auckland,63.333333333333336
ibm_cairo,10.096774193548388
ibm_hanoi,575.258064516129
ibmq_kolkata,33.225806451612904
ibmq_mumbai,57.645161290322584
ibm_brisbane,466.51612903225805
ibm_cusco,124.41935483870968
ibm_nazca,94.87096774193549
ibm_sherbrooke,546.516129032258
